# Name,   Type, SubType,  Offset,  Size,     Flags
# ESP32-S3 16MB - Sistema Riego + KissTelegram
#
# LAYOUT:
#   NVS:     20 KB  - Configuración WiFi, credenciales
#   OTA:      8 KB  - Control de actualizaciones OTA
#   FACTORY:  3 MB  - Firmware principal (seguro, no OTA)
#   OTA_0:    3 MB  - Slot OTA (actualizaciones remotas)
#   SPIFFS: 9.9 MB  - LittleFS (cola Telegram, logs, datos)
#
# TOTAL: 16 MB
#
nvs,      data, nvs,      0x9000,  0x5000,
otadata,  data, ota,      0xe000,  0x2000,
app0,     app,  factory,  0x10000, 0x300000,
app1,     app,  ota_0,    0x310000,0x300000,
spiffs,   data, spiffs,   0x610000,0x9F0000,
